https://upload.wikimedia.org/wikipedia/commons/thumb/8/83/Hydrogen_discharge_tube.jpg/1024px-Hydrogen_discharge_tube.jpg,https://en.wikipedia.org/wiki/Hydrogen
https://upload.wikimedia.org/wikipedia/commons/thumb/8/82/Helium_discharge_tube.jpg/1024px-Helium_discharge_tube.jpg,https://en.wikipedia.org/wiki/Helium
https://upload.wikimedia.org/wikipedia/commons/a/ae/Lithium_paraffin.jpg,https://en.wikipedia.org/wiki/Lithium
https://upload.wikimedia.org/wikipedia/commons/0/0c/Be-140g.jpg,https://en.wikipedia.org/wiki/Beryllium
https://upload.wikimedia.org/wikipedia/commons/thumb/1/19/Boron_R105.jpg/1024px-Boron_R105.jpg,https://en.wikipedia.org/wiki/Boron
https://upload.wikimedia.org/wikipedia/commons/f/f0/Graphite-and-diamond-with-scale.jpg,https://en.wikipedia.org/wiki/Carbon
https://upload.wikimedia.org/wikipedia/commons/thumb/d/d2/Liquidnitrogen.jpg/1024px-Liquidnitrogen.jpg,https://en.wikipedia.org/wiki/Nitrogen
,https://en.wikipedia.org/wiki/Oxygen
https://upload.wikimedia.org/wikipedia/commons/9/91/Liquid_fluorine_tighter_crop.jpg,https://en.wikipedia.org/wiki/Fluorine
https://upload.wikimedia.org/wikipedia/commons/thumb/4/46/Neon_discharge_tube.jpg/1024px-Neon_discharge_tube.jpg,https://en.wikipedia.org/wiki/Neon
https://upload.wikimedia.org/wikipedia/commons/thumb/2/27/Na_%28Sodium%29.jpg/1024px-Na_%28Sodium%29.jpg,https://en.wikipedia.org/wiki/Sodium
https://upload.wikimedia.org/wikipedia/commons/thumb/5/5c/CSIRO_ScienceImage_2893_Crystalised_magnesium.jpg/1024px-CSIRO_ScienceImage_2893_Crystalised_magnesium.jpg,https://en.wikipedia.org/wiki/Magnesium
https://upload.wikimedia.org/wikipedia/commons/5/5d/Aluminium-4.jpg,https://en.wikipedia.org/wiki/Aluminium
https://upload.wikimedia.org/wikipedia/commons/thumb/e/e9/SiliconCroda.jpg/1024px-SiliconCroda.jpg,https://en.wikipedia.org/wiki/Silicon
https://upload.wikimedia.org/wikipedia/commons/8/88/PhosphComby.jpg,https://en.wikipedia.org/wiki/Phosphorus
https://upload.wikimedia.org/wikipedia/commons/thumb/4/44/Sulfur-sample.jpg/1024px-Sulfur-sample.jpg,https://en.wikipedia.org/wiki/Sulfur
https://upload.wikimedia.org/wikipedia/commons/f/f4/Chlorine_ampoule.jpg,https://en.wikipedia.org/wiki/Chlorine
https://upload.wikimedia.org/wikipedia/commons/thumb/8/87/Argon_discharge_tube.jpg/1024px-Argon_discharge_tube.jpg,https://en.wikipedia.org/wiki/Argon
https://upload.wikimedia.org/wikipedia/commons/a/a4/Potassium-2.jpg,https://en.wikipedia.org/wiki/Potassium
https://upload.wikimedia.org/wikipedia/commons/thumb/9/96/Calcium_unter_Argon_Schutzgasatmosph%C3%A4re.jpg/1024px-Calcium_unter_Argon_Schutzgasatmosph%C3%A4re.jpg,https://en.wikipedia.org/wiki/Calcium
https://upload.wikimedia.org/wikipedia/commons/thumb/e/e6/Scandium_sublimed_dendritic_and_1cm3_cube.jpg/1024px-Scandium_sublimed_dendritic_and_1cm3_cube.jpg,https://en.wikipedia.org/wiki/Scandium
https://upload.wikimedia.org/wikipedia/commons/thumb/d/db/Titan-crystal_bar.JPG/1024px-Titan-crystal_bar.JPG,https://en.wikipedia.org/wiki/Titanium
https://upload.wikimedia.org/wikipedia/commons/thumb/9/98/Vanadium_etched.jpg/1024px-Vanadium_etched.jpg,https://en.wikipedia.org/wiki/Vanadium
https://upload.wikimedia.org/wikipedia/commons/thumb/0/08/Chromium_crystals_and_1cm3_cube.jpg/1024px-Chromium_crystals_and_1cm3_cube.jpg,https://en.wikipedia.org/wiki/Chromium
https://upload.wikimedia.org/wikipedia/commons/8/86/Mangan_1-crop.jpg,https://en.wikipedia.org/wiki/Manganese
https://upload.wikimedia.org/wikipedia/commons/thumb/a/ad/Iron_electrolytic_and_1cm3_cube.jpg/1024px-Iron_electrolytic_and_1cm3_cube.jpg,https://en.wikipedia.org/wiki/Iron
https://upload.wikimedia.org/wikipedia/commons/thumb/a/a8/Kobalt_electrolytic_and_1cm3_cube.jpg/1024px-Kobalt_electrolytic_and_1cm3_cube.jpg,https://en.wikipedia.org/wiki/Cobalt
https://upload.wikimedia.org/wikipedia/commons/5/57/Nickel_chunk.jpg,https://en.wikipedia.org/wiki/Nickel
https://upload.wikimedia.org/wikipedia/commons/thumb/f/f0/NatCopper.jpg/1024px-NatCopper.jpg,https://en.wikipedia.org/wiki/Copper
https://upload.wikimedia.org/wikipedia/commons/thumb/f/f9/Zinc_fragment_sublimed_and_1cm3_cube.jpg/1024px-Zinc_fragment_sublimed_and_1cm3_cube.jpg,https://en.wikipedia.org/wiki/Zinc
https://upload.wikimedia.org/wikipedia/commons/9/92/Gallium_crystals.jpg,https://en.wikipedia.org/wiki/Gallium
https://upload.wikimedia.org/wikipedia/commons/thumb/0/08/Polycrystalline-germanium.jpg/1024px-Polycrystalline-germanium.jpg,https://en.wikipedia.org/wiki/Germanium
https://upload.wikimedia.org/wikipedia/commons/7/7b/Arsen_1a.jpg,https://en.wikipedia.org/wiki/Arsenic
https://upload.wikimedia.org/wikipedia/commons/4/47/SeBlackRed.jpg,https://en.wikipedia.org/wiki/Selenium
https://upload.wikimedia.org/wikipedia/commons/b/bf/Bromine_25ml_%28transparent%29.png,https://en.wikipedia.org/wiki/Bromine
https://upload.wikimedia.org/wikipedia/commons/thumb/5/50/Krypton_discharge_tube.jpg/1024px-Krypton_discharge_tube.jpg,https://en.wikipedia.org/wiki/Krypton
https://upload.wikimedia.org/wikipedia/commons/thumb/c/c9/Rb5.JPG/1024px-Rb5.JPG,https://en.wikipedia.org/wiki/Rubidium
https://upload.wikimedia.org/wikipedia/commons/thumb/4/41/Strontium_destilled_crystals.jpg/1024px-Strontium_destilled_crystals.jpg,https://en.wikipedia.org/wiki/Strontium
https://upload.wikimedia.org/wikipedia/commons/thumb/1/19/Yttrium_sublimed_dendritic_and_1cm3_cube.jpg/1024px-Yttrium_sublimed_dendritic_and_1cm3_cube.jpg,https://en.wikipedia.org/wiki/Yttrium
https://upload.wikimedia.org/wikipedia/commons/thumb/9/92/Zirconium_crystal_bar_and_1cm3_cube.jpg/1024px-Zirconium_crystal_bar_and_1cm3_cube.jpg,https://en.wikipedia.org/wiki/Zirconium
https://upload.wikimedia.org/wikipedia/commons/thumb/f/f2/Niobium_crystals_and_1cm3_cube.jpg/1024px-Niobium_crystals_and_1cm3_cube.jpg,https://en.wikipedia.org/wiki/Niobium
https://upload.wikimedia.org/wikipedia/commons/thumb/3/32/Molybdenum_crystaline_fragment_and_1cm3_cube.jpg/1024px-Molybdenum_crystaline_fragment_and_1cm3_cube.jpg,https://en.wikipedia.org/wiki/Molybdenum
https://upload.wikimedia.org/wikipedia/en/8/89/Technetium.jpg,https://en.wikipedia.org/wiki/Technetium
https://upload.wikimedia.org/wikipedia/commons/thumb/2/2c/Ruthenium_a_half_bar.jpg/1024px-Ruthenium_a_half_bar.jpg,https://en.wikipedia.org/wiki/Ruthenium
https://upload.wikimedia.org/wikipedia/commons/thumb/9/98/Rhodium_powder_pressed_melted.jpg/1024px-Rhodium_powder_pressed_melted.jpg,https://en.wikipedia.org/wiki/Rhodium
https://upload.wikimedia.org/wikipedia/commons/d/d7/Palladium_%2846_Pd%29.jpg,https://en.wikipedia.org/wiki/Palladium
https://upload.wikimedia.org/wikipedia/commons/thumb/5/55/Silver_crystal.jpg/1024px-Silver_crystal.jpg,https://en.wikipedia.org/wiki/Silver
https://upload.wikimedia.org/wikipedia/commons/thumb/b/b5/Cadmium-crystal_bar.jpg/1024px-Cadmium-crystal_bar.jpg,https://en.wikipedia.org/wiki/Cadmium
https://upload.wikimedia.org/wikipedia/commons/thumb/b/b8/Indium.jpg/1024px-Indium.jpg,https://en.wikipedia.org/wiki/Indium
https://upload.wikimedia.org/wikipedia/commons/thumb/2/2b/Sn-Alpha-Beta.jpg/1024px-Sn-Alpha-Beta.jpg,https://en.wikipedia.org/wiki/Tin
https://upload.wikimedia.org/wikipedia/commons/5/5c/Antimony-4.jpg,https://en.wikipedia.org/wiki/Antimony
https://upload.wikimedia.org/wikipedia/commons/thumb/c/c1/Tellurium2.jpg/1024px-Tellurium2.jpg,https://en.wikipedia.org/wiki/Tellurium
https://upload.wikimedia.org/wikipedia/commons/thumb/0/0a/Sample_of_iodine.jpg/1024px-Sample_of_iodine.jpg,https://en.wikipedia.org/wiki/Iodine
https://upload.wikimedia.org/wikipedia/commons/thumb/d/d7/Xenon_discharge_tube.jpg/1024px-Xenon_discharge_tube.jpg,https://en.wikipedia.org/wiki/Xenon
https://upload.wikimedia.org/wikipedia/commons/thumb/3/3d/Cesium.jpg/1024px-Cesium.jpg,https://en.wikipedia.org/wiki/Caesium
https://upload.wikimedia.org/wikipedia/commons/1/16/Barium_unter_Argon_Schutzgas_Atmosph%C3%A4re.jpg,https://en.wikipedia.org/wiki/Barium
https://upload.wikimedia.org/wikipedia/commons/8/8c/Lanthanum-2.jpg,https://en.wikipedia.org/wiki/Lanthanum
https://upload.wikimedia.org/wikipedia/commons/0/0d/Cerium2.jpg,https://en.wikipedia.org/wiki/Cerium
https://upload.wikimedia.org/wikipedia/commons/c/c7/Praseodymium.jpg,https://en.wikipedia.org/wiki/Praseodymium
https://upload.wikimedia.org/wikipedia/commons/b/ba/Neodymium2.jpg,https://en.wikipedia.org/wiki/Neodymium
,https://en.wikipedia.org/wiki/Promethium
https://upload.wikimedia.org/wikipedia/commons/8/88/Samarium-2.jpg,https://en.wikipedia.org/wiki/Samarium
https://upload.wikimedia.org/wikipedia/commons/6/6a/Europium.jpg,https://en.wikipedia.org/wiki/Europium
https://upload.wikimedia.org/wikipedia/commons/thumb/d/d1/Gadolinium-4.jpg/1024px-Gadolinium-4.jpg,https://en.wikipedia.org/wiki/Gadolinium
https://upload.wikimedia.org/wikipedia/commons/9/9a/Terbium-2.jpg,https://en.wikipedia.org/wiki/Terbium
https://upload.wikimedia.org/wikipedia/commons/a/a8/Dy_chips.jpg,https://en.wikipedia.org/wiki/Dysprosium
https://upload.wikimedia.org/wikipedia/commons/0/0a/Holmium2.jpg,https://en.wikipedia.org/wiki/Holmium
https://upload.wikimedia.org/wikipedia/commons/1/12/Erbium-crop.jpg,https://en.wikipedia.org/wiki/Erbium
https://upload.wikimedia.org/wikipedia/commons/thumb/1/1e/Thulium_sublimed_dendritic_and_1cm3_cube.jpg/1024px-Thulium_sublimed_dendritic_and_1cm3_cube.jpg,https://en.wikipedia.org/wiki/Thulium
https://upload.wikimedia.org/wikipedia/commons/c/ce/Ytterbium-3.jpg,https://en.wikipedia.org/wiki/Ytterbium
https://upload.wikimedia.org/wikipedia/commons/thumb/7/74/Lutetium_sublimed_dendritic_and_1cm3_cube.jpg/1024px-Lutetium_sublimed_dendritic_and_1cm3_cube.jpg,https://en.wikipedia.org/wiki/Lutetium
https://upload.wikimedia.org/wikipedia/commons/thumb/3/38/Hf-crystal_bar.jpg/1024px-Hf-crystal_bar.jpg,https://en.wikipedia.org/wiki/Hafnium
https://upload.wikimedia.org/wikipedia/commons/thumb/8/83/Tantalum_single_crystal_and_1cm3_cube.jpg/1024px-Tantalum_single_crystal_and_1cm3_cube.jpg,https://en.wikipedia.org/wiki/Tantalum
https://upload.wikimedia.org/wikipedia/commons/thumb/1/1a/Wolfram_evaporated_crystals_and_1cm3_cube.jpg/1024px-Wolfram_evaporated_crystals_and_1cm3_cube.jpg,https://en.wikipedia.org/wiki/Tungsten
https://upload.wikimedia.org/wikipedia/commons/thumb/7/71/Rhenium_single_crystal_bar_and_1cm3_cube.jpg/1024px-Rhenium_single_crystal_bar_and_1cm3_cube.jpg,https://en.wikipedia.org/wiki/Rhenium
https://upload.wikimedia.org/wikipedia/commons/thumb/0/0c/Osmium_crystals.jpg/1024px-Osmium_crystals.jpg,https://en.wikipedia.org/wiki/Osmium
https://upload.wikimedia.org/wikipedia/commons/a/a8/Iridium-2.jpg,https://en.wikipedia.org/wiki/Iridium
https://upload.wikimedia.org/wikipedia/commons/thumb/6/68/Platinum_crystals.jpg/1024px-Platinum_crystals.jpg,https://en.wikipedia.org/wiki/Platinum
https://upload.wikimedia.org/wikipedia/commons/thumb/d/d7/Gold-crystals.jpg/1024px-Gold-crystals.jpg,https://en.wikipedia.org/wiki/Gold
https://upload.wikimedia.org/wikipedia/commons/thumb/9/99/Pouring_liquid_mercury_bionerd.jpg/1024px-Pouring_liquid_mercury_bionerd.jpg,https://en.wikipedia.org/wiki/Mercury_(element)
https://upload.wikimedia.org/wikipedia/commons/b/bb/Thallium_pieces_in_ampoule.jpg,https://en.wikipedia.org/wiki/Thallium
https://upload.wikimedia.org/wikipedia/commons/thumb/e/e6/Lead_electrolytic_and_1cm3_cube.jpg/1024px-Lead_electrolytic_and_1cm3_cube.jpg,https://en.wikipedia.org/wiki/Lead
https://upload.wikimedia.org/wikipedia/commons/thumb/e/ef/Bismuth_crystals_and_1cm3_cube.jpg/1024px-Bismuth_crystals_and_1cm3_cube.jpg,https://en.wikipedia.org/wiki/Bismuth
https://upload.wikimedia.org/wikipedia/en/6/66/Polonium.jpg,https://en.wikipedia.org/wiki/Polonium
,https://en.wikipedia.org/wiki/Astatine
,https://en.wikipedia.org/wiki/Radon
,https://en.wikipedia.org/wiki/Francium
https://upload.wikimedia.org/wikipedia/commons/b/bb/Radium226.jpg,https://en.wikipedia.org/wiki/Radium
https://upload.wikimedia.org/wikipedia/en/f/f3/Actinium.jpg,https://en.wikipedia.org/wiki/Actinium
https://upload.wikimedia.org/wikipedia/commons/1/13/Thorium_sample_0.1g.jpg,https://en.wikipedia.org/wiki/Thorium
https://upload.wikimedia.org/wikipedia/en/0/05/Protactinium.jpg,https://en.wikipedia.org/wiki/Protactinium
https://upload.wikimedia.org/wikipedia/commons/thumb/d/d8/HEUraniumC.jpg/1024px-HEUraniumC.jpg,https://en.wikipedia.org/wiki/Uranium
https://upload.wikimedia.org/wikipedia/commons/e/e5/Neptunium2.jpg,https://en.wikipedia.org/wiki/Neptunium
https://upload.wikimedia.org/wikipedia/commons/9/98/Plutonium3.jpg,https://en.wikipedia.org/wiki/Plutonium
https://upload.wikimedia.org/wikipedia/commons/e/ee/Americium_microscope.jpg,https://en.wikipedia.org/wiki/Americium
https://upload.wikimedia.org/wikipedia/en/6/69/Curium.jpg,https://en.wikipedia.org/wiki/Curium
https://upload.wikimedia.org/wikipedia/commons/b/b6/Berkelium_metal.jpg,https://en.wikipedia.org/wiki/Berkelium
https://upload.wikimedia.org/wikipedia/commons/9/93/Californium.jpg,https://en.wikipedia.org/wiki/Californium
https://upload.wikimedia.org/wikipedia/commons/5/55/Einsteinium.jpg,https://en.wikipedia.org/wiki/Einsteinium
,https://en.wikipedia.org/wiki/Fermium
,https://en.wikipedia.org/wiki/Mendelevium
,https://en.wikipedia.org/wiki/Nobelium
,https://en.wikipedia.org/wiki/Lawrencium
,https://en.wikipedia.org/wiki/Rutherfordium
,https://en.wikipedia.org/wiki/Dubnium
,https://en.wikipedia.org/wiki/Seaborgium
,https://en.wikipedia.org/wiki/Bohrium
,https://en.wikipedia.org/wiki/Hassium
,https://en.wikipedia.org/wiki/Meitnerium
,https://en.wikipedia.org/wiki/Darmstadtium
,https://en.wikipedia.org/wiki/Roentgenium
,https://en.wikipedia.org/wiki/Copernicium
,https://en.wikipedia.org/wiki/Ununtrium
,https://en.wikipedia.org/wiki/Flerovium
,https://en.wikipedia.org/wiki/Ununpentium
,https://en.wikipedia.org/wiki/Livermorium
,https://en.wikipedia.org/wiki/Ununseptium
,https://en.wikipedia.org/wiki/Ununoctium
